020,29/06/2015,13:07:52,36.10,50,37,2712,0.40,8.05
020,29/06/2015,13:08:02,36.10,51,37,2712,0.40,8.05
020,29/06/2015,13:08:12,36.10,51,38,2419,0.40,8.04
020,29/06/2015,13:08:22,36.10,51,39,1778,0.40,8.04
020,29/06/2015,13:08:32,36.10,51,37,1778,0.40,8.03
020,29/06/2015,13:08:42,36.10,51,45,1778,0.40,8.03
020,29/06/2015,13:08:52,36.10,50,48,1778,0.40,8.03
020,29/06/2015,13:09:02,36.10,50,54,1723,0.40,8.02
020,29/06/2015,13:09:12,36.10,50,39,1723,0.40,8.02
020,29/06/2015,13:09:22,36.10,50,40,1723,0.40,8.02
020,29/06/2015,13:09:32,36.10,50,41,1723,0.40,8.02
020,29/06/2015,13:09:42,36.10,50,38,1778,0.40,8.01
020,29/06/2015,13:09:52,36.10,50,38,2609,0.40,8.01
020,29/06/2015,13:10:02,36.10,51,39,2712,0.40,8.01
020,29/06/2015,13:10:12,36.10,50,39,2609,0.40,8.00
020,29/06/2015,13:10:22,36.10,50,39,2097,0.40,8.00
020,29/06/2015,13:10:32,36.10,50,39,2172,0.40,8.00
020,29/06/2015,13:10:42,36.10,51,38,2511,0.40,8.00
020,29/06/2015,13:10:52,36.20,51,41,2821,0.40,8.00
020,29/06/2015,13:11:02,36.20,51,40,2821,0.40,7.99
020,29/06/2015,13:11:12,36.20,51,41,2821,0.40,7.99
020,29/06/2015,13:11:22,36.20,51,41,2821,0.40,7.99
020,29/06/2015,13:11:32,36.20,51,43,2821,0.40,7.99
020,29/06/2015,13:11:42,36.20,51,41,2821,0.40,7.98
020,29/06/2015,13:11:52,36.20,51,43,2821,0.40,7.98
020,29/06/2015,13:12:02,36.30,51,40,2712,0.40,7.98
020,29/06/2015,13:12:12,36.30,51,40,2609,0.40,7.98
020,29/06/2015,13:12:22,36.30,51,37,2419,0.40,7.97
020,29/06/2015,13:12:32,36.30,51,38,2712,0.40,7.97
020,29/06/2015,13:12:42,36.30,51,43,2821,0.40,7.97
020,29/06/2015,13:12:52,36.40,50,44,2821,0.40,8.00
020,29/06/2015,13:13:02,36.40,49,40,2821,0.40,7.75
020,29/06/2015,13:13:12,36.40,50,46,2821,0.40,7.73
020,29/06/2015,13:13:22,36.40,49,44,2821,0.40,7.71
020,29/06/2015,13:13:32,36.40,49,45,2821,0.40,7.70
020,29/06/2015,13:13:42,36.50,49,40,2821,0.40,7.68
020,29/06/2015,13:13:52,36.50,49,39,2821,0.40,7.67
020,29/06/2015,13:14:02,36.60,50,38,2821,0.40,7.62
020,29/06/2015,13:14:12,36.50,50,42,2821,0.40,7.85
020,29/06/2015,13:14:22,36.60,51,39,2821,0.40,7.86
020,29/06/2015,13:14:32,36.60,51,40,2821,0.40,7.86
020,29/06/2015,13:14:42,36.70,51,39,2821,0.40,7.86
020,29/06/2015,13:14:52,36.80,51,38,2821,0.40,7.87
020,29/06/2015,13:15:02,36.80,51,39,2821,0.40,7.87
020,29/06/2015,13:15:12,36.80,50,38,2821,0.40,7.87
020,29/06/2015,13:15:22,36.90,50,40,2821,0.40,7.87
020,29/06/2015,13:15:32,36.90,50,40,2821,0.40,7.87
020,29/06/2015,13:15:42,36.90,50,40,2821,5.02,7.87
020,29/06/2015,13:15:52,36.90,50,39,2821,5.02,7.87
020,29/06/2015,13:16:02,37.00,50,38,2821,5.02,7.87
020,29/06/2015,13:16:12,37.00,50,39,2821,5.02,7.86
020,29/06/2015,13:16:22,37.10,50,40,2821,5.02,7.86
020,29/06/2015,13:16:32,37.20,50,41,2821,5.02,7.86
020,29/06/2015,13:16:42,37.20,51,42,2821,5.02,7.86
020,29/06/2015,13:16:52,37.20,50,40,2821,5.02,7.86
020,29/06/2015,13:17:02,37.20,50,41,2821,5.02,7.86
020,29/06/2015,13:17:12,37.30,50,40,2821,5.02,7.86
020,29/06/2015,13:17:22,37.30,50,41,2712,5.02,7.86
020,29/06/2015,13:17:32,37.30,50,43,2712,5.02,7.85
020,29/06/2015,13:17:42,37.40,50,41,2821,5.02,7.85
020,29/06/2015,13:17:52,37.50,50,40,2511,5.02,7.85
020,29/06/2015,13:18:02,37.50,50,39,2821,5.02,7.85
020,29/06/2015,13:18:12,37.50,50,40,2712,5.02,7.85
020,29/06/2015,13:18:22,37.50,50,39,2821,5.02,7.85
020,29/06/2015,13:18:32,37.50,50,39,2821,5.02,7.85
020,29/06/2015,13:18:42,37.60,49,40,2821,5.02,7.84
020,29/06/2015,13:18:52,37.50,49,40,2821,5.02,7.84
020,29/06/2015,13:19:02,37.60,48,39,2821,5.02,7.84
020,29/06/2015,13:19:12,37.60,48,40,2821,5.02,7.84
020,29/06/2015,13:19:22,37.60,48,41,2821,5.02,7.84
020,29/06/2015,13:19:32,37.70,48,41,2821,5.02,7.84
020,29/06/2015,13:19:42,37.80,49,40,2821,5.02,7.84
020,29/06/2015,13:19:52,37.80,48,42,2712,5.02,7.83
020,29/06/2015,13:20:02,37.70,48,41,2821,5.02,7.83
020,29/06/2015,13:20:12,37.80,48,41,2712,5.02,7.83
020,29/06/2015,13:20:22,37.80,49,42,2821,5.02,7.83
020,29/06/2015,13:20:32,37.80,49,41,2712,5.02,7.83
020,29/06/2015,13:20:42,37.90,48,45,2821,5.02,7.83
020,29/06/2015,13:20:52,37.90,48,41,2821,5.02,7.85
020,29/06/2015,13:21:02,37.90,48,43,2821,5.02,7.62
020,29/06/2015,13:21:12,37.90,48,41,2938,5.02,7.60
020,29/06/2015,13:21:22,37.90,48,42,2938,5.02,7.59
020,29/06/2015,13:21:32,37.90,47,42,2938,5.02,7.57
020,29/06/2015,13:21:42,38.00,48,41,2821,5.02,7.56
020,29/06/2015,13:21:52,38.00,48,40,2938,5.02,7.55
020,29/06/2015,13:22:02,38.10,49,39,2938,5.02,7.52
020,29/06/2015,13:22:12,38.10,48,42,2938,5.02,7.72
020,29/06/2015,13:22:22,38.10,48,42,2938,5.02,7.73
020,29/06/2015,13:22:32,38.10,48,41,3061,5.02,7.74
020,29/06/2015,13:22:42,38.20,47,41,2938,5.02,7.74
020,29/06/2015,13:22:52,38.20,46,45,2938,5.02,7.74
020,29/06/2015,13:23:02,38.20,46,41,2938,5.02,7.74
020,29/06/2015,13:23:12,38.20,45,44,2938,5.02,7.75
020,29/06/2015,13:23:22,38.30,45,41,2938,5.02,7.75
020,29/06/2015,13:23:32,38.30,46,42,2938,5.02,7.75
020,29/06/2015,13:23:42,38.30,46,40,2938,1.07,7.75
020,29/06/2015,13:23:52,38.30,46,43,2821,1.07,7.75
020,29/06/2015,13:24:02,38.30,46,40,2609,1.07,7.75
020,29/06/2015,13:24:12,38.40,46,49,2172,1.07,7.75
020,29/06/2015,13:24:22,38.40,46,46,2250,1.07,7.75
020,29/06/2015,13:24:32,38.40,45,51,2332,1.07,7.74
020,29/06/2015,13:24:42,38.40,45,49,2097,1.07,7.74
020,29/06/2015,13:24:52,38.50,45,43,2027,1.07,7.74
020,29/06/2015,13:25:02,38.50,45,43,1960,1.07,7.74
020,29/06/2015,13:25:12,38.50,45,45,1960,1.07,7.74
020,29/06/2015,13:25:22,38.50,45,41,1960,1.07,7.74
020,29/06/2015,13:25:32,38.50,45,42,1960,1.07,7.74
020,29/06/2015,13:25:42,38.50,45,40,1960,1.07,7.74
020,29/06/2015,13:25:52,38.50,44,40,1960,1.07,7.74
020,29/06/2015,13:26:02,38.50,44,41,1960,1.07,7.74
020,29/06/2015,13:26:12,38.50,44,42,1960,1.07,7.74
020,29/06/2015,13:26:22,38.50,45,40,2027,1.07,7.74
020,29/06/2015,13:26:32,38.50,45,40,2027,1.07,7.73
020,29/06/2015,13:26:42,38.40,45,41,2027,1.07,7.73
020,29/06/2015,13:26:52,38.40,45,42,2097,1.07,7.73
020,29/06/2015,13:27:02,38.40,45,42,2250,1.07,7.73
020,29/06/2015,13:27:12,38.40,44,40,3061,1.07,7.73
020,29/06/2015,13:27:22,38.40,44,42,3061,1.07,7.73
020,29/06/2015,13:27:32,38.40,44,40,3061,1.07,7.73
020,29/06/2015,13:27:42,38.40,44,41,3061,1.07,7.73
020,29/06/2015,13:27:52,38.40,45,42,3061,1.07,7.73
020,29/06/2015,13:28:02,38.40,45,39,3061,1.07,7.72
020,29/06/2015,13:28:12,38.40,45,40,3061,1.07,7.72
020,29/06/2015,13:28:22,38.30,45,39,3061,1.07,7.72
020,29/06/2015,13:28:32,38.30,45,39,3061,1.07,7.72
020,29/06/2015,13:28:42,38.40,45,43,3061,1.07,7.72
020,29/06/2015,13:28:52,38.30,45,40,3061,1.07,7.75
020,29/06/2015,13:29:02,38.30,45,40,2609,1.07,7.52
020,29/06/2015,13:29:12,38.30,45,42,2332,1.07,7.50
020,29/06/2015,13:29:22,38.30,45,42,2172,1.07,7.49
020,29/06/2015,13:29:32,38.30,46,41,3061,1.07,7.48
020,29/06/2015,13:29:42,38.30,46,44,2938,1.07,7.47
020,29/06/2015,13:29:52,38.30,46,43,2938,1.07,7.46
020,29/06/2015,13:30:02,38.30,46,44,3061,1.07,7.41
020,29/06/2015,13:30:12,38.40,46,44,2938,1.07,7.63
020,29/06/2015,13:30:22,38.40,47,45,2712,1.07,7.64
020,29/06/2015,13:30:32,38.40,46,46,2821,1.07,7.64
020,29/06/2015,13:30:42,38.40,46,46,2938,1.07,7.65
020,29/06/2015,13:30:52,38.50,45,49,2821,1.07,7.65
020,29/06/2015,13:31:02,38.50,44,57,2938,1.07,7.65
020,29/06/2015,13:31:12,38.50,44,60,2938,1.07,7.65
020,29/06/2015,13:31:22,38.50,43,47,2938,1.07,7.65
020,29/06/2015,13:31:32,38.50,43,61,2938,1.07,7.65
020,29/06/2015,13:31:42,38.50,42,62,2938,0.45,7.66
020,29/06/2015,13:31:52,38.50,42,47,2938,0.45,7.65
020,29/06/2015,13:32:02,38.50,43,42,2938,0.45,7.65
020,29/06/2015,13:32:12,38.50,43,39,3061,0.45,7.65
020,29/06/2015,13:32:22,38.50,44,40,3061,0.45,7.65
020,29/06/2015,13:32:32,38.60,44,42,3061,0.45,7.65
020,29/06/2015,13:32:42,38.60,44,40,3061,0.45,7.65
020,29/06/2015,13:32:52,38.60,44,44,2938,0.45,7.65
020,29/06/2015,13:33:02,38.60,44,55,3061,0.45,7.65
020,29/06/2015,13:33:12,38.60,42,66,2938,0.45,7.65
020,29/06/2015,13:33:22,38.60,41,51,3061,0.45,7.65
020,29/06/2015,13:33:32,38.50,42,56,2938,0.45,7.65
020,29/06/2015,13:33:42,38.60,42,49,2938,0.45,7.65
020,29/06/2015,13:33:52,38.60,42,45,3061,0.45,7.65
020,29/06/2015,13:34:02,38.60,42,44,2938,0.45,7.65
020,29/06/2015,13:34:12,38.60,43,65,3061,0.45,7.65
020,29/06/2015,13:34:22,38.60,41,53,3061,0.45,7.65
020,29/06/2015,13:34:32,38.60,41,46,3061,0.45,7.65
020,29/06/2015,13:34:42,38.70,41,74,2938,0.45,7.65
020,29/06/2015,13:34:52,38.60,41,57,2821,0.45,7.65
020,29/06/2015,13:35:02,38.60,41,57,2938,0.45,7.65
020,29/06/2015,13:35:12,38.60,41,55,1960,0.45,7.65
020,29/06/2015,13:35:22,38.60,40,52,2419,0.45,7.64
020,29/06/2015,13:35:32,38.60,41,46,1896,0.45,7.64
020,29/06/2015,13:35:42,38.60,41,41,1778,0.45,7.64
020,29/06/2015,13:35:52,38.60,42,46,1723,0.45,7.64
020,29/06/2015,13:36:02,38.60,42,70,1723,0.45,7.64
020,29/06/2015,13:36:12,38.60,41,80,1723,0.45,7.64
020,29/06/2015,13:36:22,38.60,40,56,1723,0.45,7.64
020,29/06/2015,13:36:32,38.50,41,41,1723,0.45,7.64
020,29/06/2015,13:36:42,38.50,41,40,1836,0.45,7.64
020,29/06/2015,13:36:52,38.50,42,51,2097,0.45,7.66
020,29/06/2015,13:37:02,38.50,41,43,2821,0.45,7.44
020,29/06/2015,13:37:12,38.50,41,52,2821,0.45,7.42
020,29/06/2015,13:37:22,38.50,41,41,2821,0.45,7.41
020,29/06/2015,13:37:32,38.50,42,39,2821,0.45,7.40
020,29/06/2015,13:37:42,38.40,42,40,2821,0.45,7.39
020,29/06/2015,13:37:52,38.50,42,42,2938,0.45,7.38
020,29/06/2015,13:38:02,38.50,42,45,2821,0.45,7.34
020,29/06/2015,13:38:12,38.40,42,46,1896,0.45,7.55
020,29/06/2015,13:38:22,38.50,43,41,1836,0.45,7.56
020,29/06/2015,13:38:32,38.50,42,42,1778,0.45,7.57
020,29/06/2015,13:38:42,38.50,43,39,1836,0.45,7.57
020,29/06/2015,13:38:52,38.50,43,38,1836,0.45,7.57
020,29/06/2015,13:39:02,38.50,43,38,1836,0.45,7.58
020,29/06/2015,13:39:12,38.50,43,39,1836,0.45,7.58
020,29/06/2015,13:39:22,38.50,44,38,1836,0.45,7.58
020,29/06/2015,13:39:32,38.50,44,38,1836,0.45,7.58
020,29/06/2015,13:39:42,38.50,44,45,1836,0.21,7.58
020,29/06/2015,13:39:52,38.40,43,50,1836,0.21,7.58
020,29/06/2015,13:40:02,38.40,43,48,1836,0.21,7.58
020,29/06/2015,13:40:12,38.40,42,39,1836,0.21,7.58
020,29/06/2015,13:40:22,38.40,43,40,1836,0.21,7.58
020,29/06/2015,13:40:32,38.40,43,41,1836,0.21,7.58
020,29/06/2015,13:40:42,38.40,43,40,1896,0.21,7.58
020,29/06/2015,13:40:52,38.40,43,37,1960,0.21,7.58
020,29/06/2015,13:41:02,38.40,44,37,2821,0.21,7.58
020,29/06/2015,13:41:12,38.40,44,38,2938,0.21,7.58
020,29/06/2015,13:41:22,38.30,44,38,2938,0.21,7.58
020,29/06/2015,13:41:32,38.40,44,38,3061,0.21,7.58
020,29/06/2015,13:41:42,38.40,44,41,3061,0.21,7.58
020,29/06/2015,13:41:52,38.40,43,51,3061,0.21,7.58
020,29/06/2015,13:42:02,38.40,42,56,2938,0.21,7.58
020,29/06/2015,13:42:12,38.30,41,48,2938,0.21,7.58
020,29/06/2015,13:42:22,38.40,42,50,2938,0.21,7.58
020,29/06/2015,13:42:32,38.30,42,53,2938,0.21,7.58
020,29/06/2015,13:42:42,38.30,42,66,2821,0.21,7.58
020,29/06/2015,13:42:52,38.30,41,44,2609,0.21,7.58
020,29/06/2015,13:43:02,38.30,42,50,2250,0.21,7.58
020,29/06/2015,13:43:12,38.30,42,49,2712,0.21,7.58
020,29/06/2015,13:43:22,38.30,41,48,2419,0.21,7.57
020,29/06/2015,13:43:32,38.30,42,45,2419,0.21,7.57
020,29/06/2015,13:43:42,38.30,42,37,2938,0.21,7.57
020,29/06/2015,13:43:52,38.30,43,45,3061,0.21,7.57
020,29/06/2015,13:44:02,38.30,43,45,3061,0.21,7.57
020,29/06/2015,13:44:12,38.30,43,50,3061,0.21,7.57
020,29/06/2015,13:44:22,38.40,42,45,3193,0.21,7.57
020,29/06/2015,13:44:32,38.30,42,40,3061,0.21,7.57
020,29/06/2015,13:44:42,38.30,43,60,3193,0.21,7.57
020,29/06/2015,13:44:52,38.30,41,67,3193,0.21,7.60
020,29/06/2015,13:45:02,38.30,40,66,3193,0.21,7.37
020,29/06/2015,13:45:12,38.30,40,51,3193,0.21,7.35
020,29/06/2015,13:45:22,38.30,40,46,3193,0.21,7.34
020,29/06/2015,13:45:32,38.30,41,51,3193,0.21,7.33
020,29/06/2015,13:45:42,38.30,41,41,3193,0.21,7.32
020,29/06/2015,13:45:52,38.30,42,38,3193,0.21,7.31
020,29/06/2015,13:46:02,38.30,43,39,3193,0.21,7.27
020,29/06/2015,13:46:12,38.40,43,42,3193,0.21,7.49
020,29/06/2015,13:46:22,38.40,43,46,3193,0.21,7.50
020,29/06/2015,13:46:32,38.40,43,42,3193,0.21,7.50
020,29/06/2015,13:46:42,38.40,43,39,3193,0.21,7.51
020,29/06/2015,13:46:52,38.50,43,38,3193,0.21,7.51
020,29/06/2015,13:47:02,38.50,43,39,3193,0.21,7.51
020,29/06/2015,13:47:12,38.50,43,38,3193,0.21,7.52
020,29/06/2015,13:47:22,38.50,43,40,3193,0.21,7.52
020,29/06/2015,13:47:32,38.50,43,38,3061,0.21,7.52
020,29/06/2015,13:47:42,38.60,43,39,2419,0.14,7.52
020,29/06/2015,13:47:52,38.60,43,47,2097,0.14,7.52
020,29/06/2015,13:48:02,38.60,43,42,2027,0.14,7.52
020,29/06/2015,13:48:12,38.60,42,40,2027,0.14,7.52
020,29/06/2015,13:48:22,38.60,43,41,2027,0.14,7.52
020,29/06/2015,13:48:32,38.60,43,39,2027,0.14,7.52
020,29/06/2015,13:48:42,38.60,42,39,1960,0.14,7.52
020,29/06/2015,13:48:52,38.60,42,42,1960,0.14,7.52
020,29/06/2015,13:49:02,38.60,42,40,1960,0.14,7.52
020,29/06/2015,13:49:12,38.60,42,39,1960,0.14,7.52
020,29/06/2015,13:49:22,38.60,43,39,2250,0.14,7.52
020,29/06/2015,13:49:32,38.60,43,39,2172,0.14,7.52
020,29/06/2015,13:49:42,38.60,43,39,2172,0.14,7.52
020,29/06/2015,13:49:52,38.60,42,37,2821,0.14,7.52
020,29/06/2015,13:50:02,38.70,42,39,2609,0.14,7.52
020,29/06/2015,13:50:12,38.60,42,41,2332,0.14,7.52
020,29/06/2015,13:50:22,38.70,42,39,2027,0.14,7.52
020,29/06/2015,13:50:32,38.60,42,40,1960,0.14,7.52
020,29/06/2015,13:50:42,38.60,42,39,1960,0.14,7.52
020,29/06/2015,13:50:52,38.60,42,40,1960,0.14,7.52
020,29/06/2015,13:51:02,38.60,42,40,1960,0.14,7.52
020,29/06/2015,13:51:12,38.60,42,40,1960,0.14,7.52
020,29/06/2015,13:51:22,38.60,42,41,1960,0.14,7.52
020,29/06/2015,13:51:32,38.60,42,39,2027,0.14,7.52
020,29/06/2015,13:51:42,38.60,42,42,2097,0.14,7.52
020,29/06/2015,13:51:52,38.60,42,51,2419,0.14,7.51
020,29/06/2015,13:52:02,38.60,41,40,3061,0.14,7.51
020,29/06/2015,13:52:12,38.60,42,40,3061,0.14,7.51
020,29/06/2015,13:52:22,38.60,42,49,3061,0.14,7.51
020,29/06/2015,13:52:32,38.60,41,40,3061,0.14,7.51
020,29/06/2015,13:52:42,38.50,42,39,3061,0.14,7.51
020,29/06/2015,13:52:52,38.60,42,39,3061,0.14,7.54
020,29/06/2015,13:53:02,38.50,42,39,3061,0.14,7.31
020,29/06/2015,13:53:12,38.50,42,40,3061,0.14,7.29
020,29/06/2015,13:53:22,38.50,42,59,3061,0.14,7.28
020,29/06/2015,13:53:32,38.50,41,76,3061,0.14,7.27
020,29/06/2015,13:53:42,38.50,40,75,3061,0.14,7.26
020,29/06/2015,13:53:52,38.50,39,60,3061,0.14,7.25
020,29/06/2015,13:54:02,38.60,40,55,3061,0.14,7.21
020,29/06/2015,13:54:12,38.50,40,53,3061,0.14,7.44
020,29/06/2015,13:54:22,38.60,40,68,3061,0.14,7.44
020,29/06/2015,13:54:32,38.60,41,74,3193,0.14,7.45
020,29/06/2015,13:54:42,38.60,40,62,3061,0.14,7.45
020,29/06/2015,13:54:52,38.60,40,54,2938,0.14,7.46
020,29/06/2015,13:55:02,38.60,41,60,3061,0.14,7.46
020,29/06/2015,13:55:12,38.60,41,69,3061,0.14,7.46
020,29/06/2015,13:55:22,38.60,40,71,2938,0.14,7.46
020,29/06/2015,13:55:32,38.60,40,59,2938,0.14,7.46
020,29/06/2015,13:55:42,38.60,39,58,3061,0.10,7.46
020,29/06/2015,13:55:52,38.60,40,75,2821,0.10,7.46
020,29/06/2015,13:56:02,38.60,39,48,2938,0.10,7.47
020,29/06/2015,13:56:12,38.60,39,60,3061,0.10,7.47
020,29/06/2015,13:56:22,38.60,39,61,3061,0.10,7.47
020,29/06/2015,13:56:32,38.70,39,57,2821,0.10,7.47
020,29/06/2015,13:56:42,38.70,39,45,2938,0.10,7.47
020,29/06/2015,13:56:52,38.70,40,42,2609,0.10,7.47
020,29/06/2015,13:57:02,38.80,40,70,2712,0.10,7.47
020,29/06/2015,13:57:12,38.80,40,59,2097,0.10,7.47
020,29/06/2015,13:57:22,38.70,39,39,1960,0.10,7.47
020,29/06/2015,13:57:32,38.80,40,64,1960,0.10,7.47
020,29/06/2015,13:57:42,38.70,38,74,1960,0.10,7.47
020,29/06/2015,13:57:52,38.70,38,61,2027,0.10,7.47
020,29/06/2015,13:58:02,38.70,38,68,2712,0.10,7.47
020,29/06/2015,13:58:12,38.70,38,65,2938,0.10,7.47
020,29/06/2015,13:58:22,38.70,38,48,2938,0.10,7.47
020,29/06/2015,13:58:32,38.70,39,44,2712,0.10,7.47
020,29/06/2015,13:58:42,38.70,39,45,2511,0.10,7.47
020,29/06/2015,13:58:52,38.70,39,45,2172,0.10,7.47
020,29/06/2015,13:59:02,38.60,39,40,2027,0.10,7.47
020,29/06/2015,13:59:12,38.60,39,40,2250,0.10,7.47
020,29/06/2015,13:59:22,38.60,40,38,2938,0.10,7.47
020,29/06/2015,13:59:32,38.70,40,40,2609,0.10,7.46
020,29/06/2015,13:59:42,38.60,40,39,2821,0.10,7.46
020,29/06/2015,13:59:52,38.60,40,41,2821,0.10,7.46
020,29/06/2015,14:00:02,38.60,40,44,2938,0.10,7.46
020,29/06/2015,14:00:12,38.60,40,41,2938,0.10,7.46
020,29/06/2015,14:00:22,38.60,40,42,2938,0.10,7.46
020,29/06/2015,14:00:32,38.60,40,39,3061,0.10,7.46
020,29/06/2015,14:00:42,38.60,40,39,2938,0.10,7.46
020,29/06/2015,14:00:52,38.60,39,49,2938,0.10,7.49
020,29/06/2015,14:01:02,38.60,39,46,3061,0.10,7.25
020,29/06/2015,14:01:12,38.60,39,42,3061,0.10,7.24
020,29/06/2015,14:01:22,38.60,39,39,3061,0.10,7.23
020,29/06/2015,14:01:32,38.60,39,39,3061,0.10,7.22
020,29/06/2015,14:01:42,38.60,39,39,3061,0.10,7.21
020,29/06/2015,14:01:52,38.60,39,41,3061,0.10,7.20
020,29/06/2015,14:02:02,38.60,39,41,3061,0.10,7.16
020,29/06/2015,14:02:12,38.60,39,45,2938,0.10,7.39
020,29/06/2015,14:02:22,38.60,39,39,2027,0.10,7.40
020,29/06/2015,14:02:32,38.60,39,38,2027,0.10,7.40
020,29/06/2015,14:02:42,38.60,40,40,2027,0.10,7.40
020,29/06/2015,14:02:52,38.60,40,42,2027,0.10,7.41
020,29/06/2015,14:03:02,38.60,40,41,2027,0.10,7.41
020,29/06/2015,14:03:12,38.70,40,38,2027,0.10,7.41
020,29/06/2015,14:03:22,38.60,40,40,2027,0.10,7.41
020,29/06/2015,14:03:32,38.70,41,41,2027,0.10,7.41
020,29/06/2015,14:03:42,38.70,41,38,2027,0.08,7.42
020,29/06/2015,14:03:52,38.70,41,37,2027,0.08,7.42
020,29/06/2015,14:04:02,38.70,41,37,2097,0.08,7.42
020,29/06/2015,14:04:12,38.70,41,37,2419,0.08,7.42
020,29/06/2015,14:04:22,38.70,41,38,2332,0.08,7.42
020,29/06/2015,14:04:32,38.70,41,38,2821,0.08,7.42
020,29/06/2015,14:04:42,38.70,41,39,3061,0.08,7.42
020,29/06/2015,14:04:52,38.70,41,39,3193,0.08,7.42
020,29/06/2015,14:05:02,38.70,41,37,3193,0.08,7.42
020,29/06/2015,14:05:12,38.70,40,42,3193,0.08,7.42
020,29/06/2015,14:05:22,38.70,40,38,3193,0.08,7.42
020,29/06/2015,14:05:32,38.70,41,38,3333,0.08,7.42
020,29/06/2015,14:05:42,38.70,41,37,3333,0.08,7.42
020,29/06/2015,14:05:52,38.80,41,38,3333,0.08,7.42
020,29/06/2015,14:06:02,38.80,41,39,3333,0.08,7.42
020,29/06/2015,14:06:12,38.80,41,40,3333,0.08,7.42
020,29/06/2015,14:06:22,38.80,40,45,3333,0.08,7.42
020,29/06/2015,14:06:32,38.80,40,39,3193,0.08,7.42
020,29/06/2015,14:06:42,38.80,40,38,3193,0.08,7.42
020,29/06/2015,14:06:52,38.80,40,48,3333,0.08,7.42
020,29/06/2015,14:07:02,38.80,40,45,3333,0.08,7.42
020,29/06/2015,14:07:12,38.80,39,42,3333,0.08,7.42
020,29/06/2015,14:07:22,38.80,39,38,3193,0.08,7.42
020,29/06/2015,14:07:32,38.80,40,41,3193,0.08,7.42
020,29/06/2015,14:07:42,38.80,40,41,3333,0.08,7.42
020,29/06/2015,14:07:52,38.80,40,41,3333,0.08,7.42
020,29/06/2015,14:08:02,38.80,40,40,3193,0.08,7.42
020,29/06/2015,14:08:12,38.80,40,42,3193,0.08,7.42
020,29/06/2015,14:08:22,38.80,40,38,3193,0.08,7.42
020,29/06/2015,14:08:32,38.80,40,49,3193,0.08,7.42
020,29/06/2015,14:08:42,38.80,40,40,3061,0.08,7.42
020,29/06/2015,14:08:52,38.80,40,41,2250,0.08,7.44
020,29/06/2015,14:09:02,38.80,40,41,2172,0.08,7.20
020,29/06/2015,14:09:12,38.80,40,41,2172,0.08,7.19
020,29/06/2015,14:09:22,38.80,40,59,2172,0.08,7.18
020,29/06/2015,14:09:32,38.80,39,55,2712,0.08,7.17
020,29/06/2015,14:09:42,38.80,39,54,3193,0.08,7.16
020,29/06/2015,14:09:52,38.80,39,50,3193,0.08,7.15
020,29/06/2015,14:10:02,38.80,39,48,3333,0.08,7.11
020,29/06/2015,14:10:12,38.80,39,45,3333,0.08,7.34
020,29/06/2015,14:10:22,38.90,40,42,3333,0.08,7.35
020,29/06/2015,14:10:32,38.90,40,41,3193,0.08,7.36
020,29/06/2015,14:10:42,38.90,40,41,3333,0.08,7.36
020,29/06/2015,14:10:52,38.90,40,45,3333,0.08,7.36
020,29/06/2015,14:11:02,38.90,41,43,3333,0.08,7.37
020,29/06/2015,14:11:12,38.90,40,41,3333,0.08,7.37
020,29/06/2015,14:11:22,39.00,41,43,3483,0.08,7.37
020,29/06/2015,14:11:32,39.00,41,40,3333,0.08,7.37
020,29/06/2015,14:11:42,39.00,41,45,3333,0.06,7.37
020,29/06/2015,14:11:52,39.00,40,48,3333,0.06,7.37
020,29/06/2015,14:12:02,39.00,40,47,3483,0.06,7.37
020,29/06/2015,14:12:12,39.00,40,42,3333,0.06,7.37
020,29/06/2015,14:12:22,39.00,41,40,3483,0.06,7.37
020,29/06/2015,14:12:32,39.00,41,39,3333,0.06,7.37
020,29/06/2015,14:12:42,39.00,40,38,3333,0.06,7.37
020,29/06/2015,14:12:52,39.00,41,37,3333,0.06,7.38
020,29/06/2015,14:13:02,39.10,41,39,3333,0.06,7.38
020,29/06/2015,14:13:12,39.10,41,39,3333,0.06,7.38
020,29/06/2015,14:13:22,39.10,40,44,3333,0.06,7.38
020,29/06/2015,14:13:32,39.10,40,38,3193,0.06,7.38
020,29/06/2015,14:13:42,39.10,40,40,3193,0.06,7.38
020,29/06/2015,14:13:52,39.10,40,38,3333,0.06,7.38
020,29/06/2015,14:14:02,39.10,40,37,3333,0.06,7.38
020,29/06/2015,14:14:12,39.10,40,37,3193,0.06,7.38
020,29/06/2015,14:14:22,39.10,41,38,3193,0.06,7.38
020,29/06/2015,14:14:32,39.20,41,37,3193,0.06,7.38
020,29/06/2015,14:14:42,39.20,41,37,3193,0.06,7.38
020,29/06/2015,14:14:52,39.20,41,37,3193,0.06,7.38
020,29/06/2015,14:15:02,39.20,41,36,3193,0.06,7.38
020,29/06/2015,14:15:12,39.20,41,37,3193,0.06,7.38
020,29/06/2015,14:15:22,39.20,41,52,3193,0.06,7.37
020,29/06/2015,14:15:32,39.20,39,68,3193,0.06,7.37
020,29/06/2015,14:15:42,39.20,39,44,3193,0.06,7.37
020,29/06/2015,14:15:52,39.20,39,39,3193,0.06,7.38
020,29/06/2015,14:16:02,39.30,40,41,3193,0.06,7.37
020,29/06/2015,14:16:12,39.30,40,50,3193,0.06,7.37
020,29/06/2015,14:16:22,39.30,40,47,3193,0.06,7.37
020,29/06/2015,14:16:32,39.30,40,41,3333,0.06,7.37
020,29/06/2015,14:16:42,39.30,41,40,3333,0.06,7.37
020,29/06/2015,14:16:52,39.30,40,46,3333,0.06,7.40
020,29/06/2015,14:17:02,39.30,40,57,3193,0.06,7.16
020,29/06/2015,14:17:12,39.30,40,39,3333,0.06,7.15
020,29/06/2015,14:17:22,39.30,40,39,3483,0.06,7.13
020,29/06/2015,14:17:32,39.30,41,39,3333,0.06,7.12
020,29/06/2015,14:17:42,39.30,41,40,3333,0.06,7.12
020,29/06/2015,14:17:52,39.30,40,38,3333,0.06,7.11
020,29/06/2015,14:18:02,39.30,40,39,3333,0.06,7.09
020,29/06/2015,14:18:12,39.30,40,76,3333,0.06,7.30
020,29/06/2015,14:18:22,39.30,41,67,3333,0.06,7.31
020,29/06/2015,14:18:32,39.30,41,70,3333,0.06,7.32
020,29/06/2015,14:18:42,39.40,41,55,3193,0.06,7.32
020,29/06/2015,14:18:52,39.40,41,43,3333,0.06,7.32
020,29/06/2015,14:19:02,39.40,41,73,3333,0.06,7.33
020,29/06/2015,14:19:12,39.40,39,57,3333,0.06,7.33
020,29/06/2015,14:19:22,39.40,39,57,3193,0.06,7.33
020,29/06/2015,14:19:32,39.50,40,44,3193,0.06,7.33
020,29/06/2015,14:19:42,39.50,40,41,3193,0.06,7.33
020,29/06/2015,14:19:52,39.50,40,55,3193,0.06,7.33
020,29/06/2015,14:20:02,39.50,39,54,3193,0.06,7.34
020,29/06/2015,14:20:12,39.50,39,47,3061,0.06,7.34
020,29/06/2015,14:20:22,39.50,40,42,3061,0.06,7.34
020,29/06/2015,14:20:32,39.50,40,39,3061,0.06,7.34
020,29/06/2015,14:20:42,39.50,40,39,3061,0.06,7.34
020,29/06/2015,14:20:52,39.50,40,41,3061,0.06,7.34
020,29/06/2015,14:21:02,39.50,40,40,3193,0.06,7.34
020,29/06/2015,14:21:12,39.50,40,40,3193,0.06,7.34
020,29/06/2015,14:21:22,39.60,40,39,3193,0.06,7.34
020,29/06/2015,14:21:32,39.60,40,39,3193,0.06,7.34
020,29/06/2015,14:21:42,39.60,41,39,3193,0.06,7.34
020,29/06/2015,14:21:52,39.60,41,41,3193,0.06,7.34
020,29/06/2015,14:22:02,39.60,40,49,3193,0.06,7.34
020,29/06/2015,14:22:12,39.70,39,43,3193,0.06,7.34
020,29/06/2015,14:22:22,39.60,39,51,3193,0.06,7.34
020,29/06/2015,14:22:32,39.60,39,80,3193,0.06,7.34
020,29/06/2015,14:22:42,39.60,38,56,3193,0.06,7.34
020,29/06/2015,14:22:52,39.60,38,70,3193,0.06,7.34
020,29/06/2015,14:23:02,39.60,38,59,3193,0.06,7.34
020,29/06/2015,14:23:12,39.60,38,49,3193,0.06,7.34
020,29/06/2015,14:23:22,39.60,39,47,3193,0.06,7.34
020,29/06/2015,14:23:32,39.60,39,42,3193,0.06,7.34
020,29/06/2015,14:23:42,39.60,40,42,3193,0.06,7.34
020,29/06/2015,14:23:52,39.60,40,42,3193,0.06,7.34
020,29/06/2015,14:24:02,39.60,40,44,3193,0.06,7.34
020,29/06/2015,14:24:12,39.60,39,49,3333,0.06,7.34
020,29/06/2015,14:24:22,39.60,39,76,3193,0.06,7.34
020,29/06/2015,14:24:32,39.60,39,68,3333,0.06,7.34
020,29/06/2015,14:24:42,39.60,39,64,3333,0.06,7.34
020,29/06/2015,14:24:52,39.60,39,48,3333,0.06,7.36
020,29/06/2015,14:25:02,39.60,39,56,3333,0.06,7.12
020,29/06/2015,14:25:12,39.50,39,51,3333,0.06,7.11
020,29/06/2015,14:25:22,39.50,39,47,3333,0.06,7.10
020,29/06/2015,14:25:32,39.50,39,41,3193,0.06,7.09
020,29/06/2015,14:25:42,39.50,39,45,3333,0.06,7.08
020,29/06/2015,14:25:52,39.50,40,44,3333,0.06,7.07
020,29/06/2015,14:26:02,39.50,40,41,3333,0.06,7.03
020,29/06/2015,14:26:12,39.50,40,44,3333,0.06,7.27
020,29/06/2015,14:26:22,39.50,41,50,3333,0.06,7.28
020,29/06/2015,14:26:32,39.50,40,44,3061,0.06,7.28
020,29/06/2015,14:26:42,39.50,40,41,2332,0.06,7.29
020,29/06/2015,14:26:52,39.50,40,40,2250,0.06,7.29
020,29/06/2015,14:27:02,39.50,41,41,2250,0.06,7.29
020,29/06/2015,14:27:12,39.50,41,41,2172,0.06,7.30
020,29/06/2015,14:27:22,39.50,41,41,2172,0.06,7.30
020,29/06/2015,14:27:32,39.50,41,39,2097,0.06,7.30
020,29/06/2015,14:27:42,39.50,41,46,2097,0.05,7.30
020,29/06/2015,14:27:52,39.50,40,48,2097,0.05,7.30
020,29/06/2015,14:28:02,39.50,40,51,2097,0.05,7.30
020,29/06/2015,14:28:12,39.50,40,46,2097,0.05,7.30
020,29/06/2015,14:28:22,39.50,40,40,2097,0.05,7.30
020,29/06/2015,14:28:32,39.50,41,38,2097,0.05,7.30
020,29/06/2015,14:28:42,39.50,41,40,2097,0.05,7.30
020,29/06/2015,14:28:52,39.50,41,39,2097,0.05,7.31
020,29/06/2015,14:29:02,39.50,41,39,2097,0.05,7.31
020,29/06/2015,14:29:12,39.40,41,39,2172,0.05,7.31
020,29/06/2015,14:29:22,39.50,41,38,2097,0.05,7.31
020,29/06/2015,14:29:32,39.50,41,39,2097,0.05,7.31
020,29/06/2015,14:29:42,39.50,41,39,2172,0.05,7.31
020,29/06/2015,14:29:52,39.50,41,38,2172,0.05,7.31
020,29/06/2015,14:30:02,39.50,41,40,2172,0.05,7.31
020,29/06/2015,14:30:12,39.40,41,41,2172,0.05,7.31
020,29/06/2015,14:30:22,39.50,41,39,2172,0.05,7.31
020,29/06/2015,14:30:32,39.40,41,42,2172,0.05,7.31
020,29/06/2015,14:30:42,39.40,40,43,2172,0.05,7.31
020,29/06/2015,14:30:52,39.40,40,44,2250,0.05,7.31
020,29/06/2015,14:31:02,39.40,41,40,2511,0.05,7.31
020,29/06/2015,14:31:12,39.40,40,43,2938,0.05,7.31
020,29/06/2015,14:31:22,39.30,40,68,3193,0.05,7.31
020,29/06/2015,14:31:32,39.30,39,60,3061,0.05,7.31
020,29/06/2015,14:31:42,39.30,39,72,2419,0.05,7.31
020,29/06/2015,14:31:52,39.30,39,58,2609,0.05,7.31
020,29/06/2015,14:32:02,39.30,39,49,2938,0.05,7.31
020,29/06/2015,14:32:12,39.30,39,43,3193,0.05,7.31
020,29/06/2015,14:32:22,39.30,39,54,3061,0.05,7.31
020,29/06/2015,14:32:32,39.20,39,42,2821,0.05,7.31
020,29/06/2015,14:32:42,39.20,40,41,1960,0.05,7.31
020,29/06/2015,14:32:52,39.20,40,47,1896,0.05,7.33
020,29/06/2015,14:33:02,39.20,40,40,1896,0.05,7.09
020,29/06/2015,14:33:12,39.10,40,38,1896,0.05,7.07
020,29/06/2015,14:33:22,39.10,40,41,1836,0.05,7.06
020,29/06/2015,14:33:32,39.10,40,40,1836,0.05,7.05
020,29/06/2015,14:33:42,39.10,40,38,1836,0.05,7.04
020,29/06/2015,14:33:52,39.10,40,39,1778,0.05,7.04
020,29/06/2015,14:34:02,39.10,40,43,1778,0.05,6.99
020,29/06/2015,14:34:12,39.10,41,42,1778,0.05,7.24
020,29/06/2015,14:34:22,39.00,41,39,1778,0.05,7.25
020,29/06/2015,14:34:32,39.00,41,41,1778,0.05,7.25
020,29/06/2015,14:34:42,39.00,41,41,1778,0.05,7.26
020,29/06/2015,14:34:52,39.00,41,39,1778,0.05,7.26
020,29/06/2015,14:35:02,39.00,42,40,2419,0.05,7.26
020,29/06/2015,14:35:12,39.00,42,38,1778,0.05,7.27
020,29/06/2015,14:35:22,39.00,42,39,1723,0.05,7.27
020,29/06/2015,14:35:32,38.90,41,38,1670,0.05,7.27
020,29/06/2015,14:35:42,38.90,41,38,1670,0.04,7.27
020,29/06/2015,14:35:52,38.90,41,38,1670,0.04,7.27
020,29/06/2015,14:36:02,38.90,41,42,1670,0.04,7.27
020,29/06/2015,14:36:12,38.90,41,40,1670,0.04,7.27
020,29/06/2015,14:36:22,38.80,40,38,1670,0.04,7.27
020,29/06/2015,14:36:32,38.80,41,37,1670,0.04,7.27
020,29/06/2015,14:36:42,38.80,41,38,1620,0.04,7.28
020,29/06/2015,14:36:52,38.80,41,37,1670,0.04,7.28
020,29/06/2015,14:37:02,38.80,40,38,1670,0.04,7.28
020,29/06/2015,14:37:12,38.80,40,40,1670,0.04,7.28
020,29/06/2015,14:37:22,38.80,40,39,1620,0.04,7.28
020,29/06/2015,14:37:32,38.80,40,40,1670,0.04,7.28
020,29/06/2015,14:37:42,38.80,40,39,1670,0.04,7.28
020,29/06/2015,14:37:52,38.70,40,39,1670,0.04,7.28
020,29/06/2015,14:38:02,38.70,40,39,1670,0.04,7.28
020,29/06/2015,14:38:12,38.60,40,40,1670,0.04,7.28
020,29/06/2015,14:38:22,38.60,40,41,1670,0.04,7.28
020,29/06/2015,14:38:32,38.60,40,43,1723,0.04,7.28
020,29/06/2015,14:38:42,38.60,40,42,1723,0.04,7.28
020,29/06/2015,14:38:52,38.60,40,41,1723,0.04,7.28
020,29/06/2015,14:39:02,38.60,40,40,1723,0.04,7.28
020,29/06/2015,14:39:12,38.50,41,39,1723,0.04,7.28
020,29/06/2015,14:39:22,38.50,41,43,1778,0.04,7.28
020,29/06/2015,14:39:32,38.50,41,46,1778,0.04,7.28
020,29/06/2015,14:39:42,38.50,41,42,1778,0.04,7.28
020,29/06/2015,14:39:52,38.50,41,40,1836,0.04,7.28
020,29/06/2015,14:40:02,38.50,41,39,1896,0.04,7.28
020,29/06/2015,14:40:12,38.40,41,38,1896,0.04,7.28
020,29/06/2015,14:40:22,38.40,41,37,1896,0.04,7.28
020,29/06/2015,14:40:32,38.30,41,38,1896,0.04,7.28
020,29/06/2015,14:40:42,38.40,41,38,2027,0.04,7.28
020,29/06/2015,14:40:52,38.30,41,40,2332,0.04,7.31
020,29/06/2015,14:41:02,38.30,41,40,3333,0.04,7.05
020,29/06/2015,14:41:12,38.30,41,41,3333,0.04,7.04
020,29/06/2015,14:41:22,38.30,42,47,3193,0.04,7.03
020,29/06/2015,14:41:32,38.30,41,40,3333,0.04,7.02
020,29/06/2015,14:41:42,38.30,42,39,3814,0.04,7.01
020,29/06/2015,14:41:52,38.20,42,39,3061,0.04,7.00
020,29/06/2015,14:42:02,38.30,42,38,3333,0.04,6.96
020,29/06/2015,14:42:12,38.20,42,43,3061,0.04,7.21
020,29/06/2015,14:42:22,38.30,42,38,3483,0.04,7.22
020,29/06/2015,14:42:32,38.30,42,42,3333,0.04,7.23
020,29/06/2015,14:42:42,38.30,42,40,3333,0.04,7.23
020,29/06/2015,14:42:52,38.20,42,40,3333,0.04,7.23
020,29/06/2015,14:43:02,38.30,42,41,3193,0.04,7.24
020,29/06/2015,14:43:12,38.30,42,40,3061,0.04,7.24
020,29/06/2015,14:43:22,38.30,43,46,2172,0.04,7.24
020,29/06/2015,14:43:32,38.30,43,45,1896,0.04,7.24
020,29/06/2015,14:43:42,38.30,42,44,1896,0.03,7.24
020,29/06/2015,14:43:52,38.30,42,42,1896,0.03,7.24
020,29/06/2015,14:44:02,38.30,42,44,1896,0.03,7.25
020,29/06/2015,14:44:12,38.30,41,41,1896,0.03,7.25
020,29/06/2015,14:44:22,38.30,42,44,1960,0.03,7.25
020,29/06/2015,14:44:32,38.30,42,40,1960,0.03,7.25
020,29/06/2015,14:44:42,38.40,42,42,1960,0.03,7.25
020,29/06/2015,14:44:52,38.30,42,45,1960,0.03,7.25
020,29/06/2015,14:45:02,38.30,41,56,1960,0.03,7.25
020,29/06/2015,14:45:12,38.30,41,60,2027,0.03,7.25
020,29/06/2015,14:45:22,38.30,41,42,2027,0.03,7.25
020,29/06/2015,14:45:32,38.30,41,51,2097,0.03,7.25
020,29/06/2015,14:45:42,38.30,42,51,2097,0.03,7.25
020,29/06/2015,14:45:52,38.30,41,46,2250,0.03,7.25
020,29/06/2015,14:46:02,38.30,42,42,2332,0.03,7.25
020,29/06/2015,14:46:12,38.30,41,40,2511,0.03,7.25
020,29/06/2015,14:46:22,38.30,41,40,3061,0.03,7.25
020,29/06/2015,14:46:32,38.20,41,39,1960,0.03,7.25
020,29/06/2015,14:46:42,38.20,41,41,1896,0.03,7.25
020,29/06/2015,14:46:52,38.20,41,40,1896,0.03,7.25
020,29/06/2015,14:47:02,38.20,41,40,1896,0.03,7.25
020,29/06/2015,14:47:12,38.20,41,40,1896,0.03,7.25
020,29/06/2015,14:47:22,38.20,41,42,1896,0.03,7.25
020,29/06/2015,14:47:32,38.10,41,40,1896,0.03,7.25
020,29/06/2015,14:47:42,38.10,41,39,1960,0.03,7.25
020,29/06/2015,14:47:52,38.10,41,38,2250,0.03,7.25
020,29/06/2015,14:48:02,38.10,42,38,2821,0.03,7.25
020,29/06/2015,14:48:12,38.10,42,37,3333,0.03,7.25
020,29/06/2015,14:48:22,38.10,42,38,3643,0.03,7.25
020,29/06/2015,14:48:32,38.10,42,38,3998,0.03,7.25
020,29/06/2015,14:48:42,38.10,42,42,3483,0.03,7.25
020,29/06/2015,14:48:52,38.10,42,45,3998,0.03,7.28
020,29/06/2015,14:49:02,38.10,42,44,3998,0.03,7.03
020,29/06/2015,14:49:12,38.10,41,42,3643,0.03,7.01
020,29/06/2015,14:49:22,38.10,41,43,3643,0.03,7.00
020,29/06/2015,14:49:32,38.10,41,49,3643,0.03,6.99
020,29/06/2015,14:49:42,38.10,42,45,3643,0.03,6.98
020,29/06/2015,14:49:52,38.10,41,46,3483,0.03,6.97
020,29/06/2015,14:50:02,38.10,41,45,3483,0.03,6.94
020,29/06/2015,14:50:12,38.10,41,76,3483,0.03,7.18
020,29/06/2015,14:50:22,38.10,41,69,3483,0.03,7.19
020,29/06/2015,14:50:32,38.10,40,73,3814,0.03,7.20
020,29/06/2015,14:50:42,38.10,40,77,3814,0.03,7.21
020,29/06/2015,14:50:52,38.00,40,60,3333,0.03,7.21
020,29/06/2015,14:51:02,38.10,40,46,2609,0.03,7.21
020,29/06/2015,14:51:12,38.10,40,52,2712,0.03,7.21
020,29/06/2015,14:51:22,38.10,40,53,2027,0.03,7.22
020,29/06/2015,14:51:32,38.10,41,43,1960,0.03,7.22
020,29/06/2015,14:51:42,38.10,41,40,1960,0.03,7.22
020,29/06/2015,14:51:52,38.10,41,40,1960,0.03,7.22
020,29/06/2015,14:52:02,38.10,41,57,1896,0.03,7.22
020,29/06/2015,14:52:12,38.10,40,51,1896,0.03,7.22
020,29/06/2015,14:52:22,38.10,40,49,1960,0.03,7.22
020,29/06/2015,14:52:32,38.10,40,41,1960,0.03,7.23
020,29/06/2015,14:52:42,38.10,40,42,2097,0.03,7.23
020,29/06/2015,14:52:52,38.10,40,40,2172,0.03,7.23
020,29/06/2015,14:53:02,38.20,40,44,2419,0.03,7.23
020,29/06/2015,14:53:12,38.10,40,42,2712,0.03,7.23
020,29/06/2015,14:53:22,38.10,40,41,2511,0.03,7.23
020,29/06/2015,14:53:32,38.20,40,38,2821,0.03,7.23
020,29/06/2015,14:53:42,38.20,41,43,3643,0.03,7.23
020,29/06/2015,14:53:52,38.10,40,40,3998,0.03,7.23
020,29/06/2015,14:54:02,38.20,40,42,2172,0.03,7.23
020,29/06/2015,14:54:12,38.20,40,48,2027,0.03,7.23
020,29/06/2015,14:54:22,38.20,40,53,1960,0.03,7.23
020,29/06/2015,14:54:32,38.20,40,45,1896,0.03,7.23
020,29/06/2015,14:54:42,38.20,40,44,1896,0.03,7.23
020,29/06/2015,14:54:52,38.10,40,42,1896,0.03,7.23
020,29/06/2015,14:55:02,38.10,40,39,1896,0.03,7.23
020,29/06/2015,14:55:12,38.10,40,40,1896,0.03,7.23
020,29/06/2015,14:55:22,38.10,40,42,1896,0.03,7.23
020,29/06/2015,14:55:32,38.10,40,42,1896,0.03,7.23
020,29/06/2015,14:55:42,38.10,40,47,1896,0.03,7.23
020,29/06/2015,14:55:52,38.10,40,47,1836,0.03,7.23
020,29/06/2015,14:56:02,38.10,41,44,1896,0.03,7.23
020,29/06/2015,14:56:12,38.10,41,42,2419,0.03,7.23
020,29/06/2015,14:56:22,38.00,41,43,2332,0.03,7.23
020,29/06/2015,14:56:32,38.00,41,44,2511,0.03,7.23
020,29/06/2015,14:56:42,38.00,41,43,1960,0.03,7.23
020,29/06/2015,14:56:52,38.00,41,39,1896,0.03,7.26
020,29/06/2015,14:57:02,38.00,41,38,1896,0.03,7.00
020,29/06/2015,14:57:12,37.90,41,38,1836,0.03,6.99
020,29/06/2015,14:57:22,37.90,41,38,1836,0.03,6.97
020,29/06/2015,14:57:32,37.90,41,40,1836,0.03,6.96
020,29/06/2015,14:57:42,37.90,41,40,1778,0.03,6.96
020,29/06/2015,14:57:52,37.90,41,42,1836,0.03,6.95
020,29/06/2015,14:58:02,37.80,41,42,1778,0.03,6.90
020,29/06/2015,14:58:12,37.80,41,41,1778,0.03,7.16
020,29/06/2015,14:58:22,37.80,41,52,1778,0.03,7.17
020,29/06/2015,14:58:32,37.80,41,45,1778,0.03,7.18
020,29/06/2015,14:58:42,37.80,41,44,1836,0.03,7.19
020,29/06/2015,14:58:52,37.80,41,47,1836,0.03,7.19
020,29/06/2015,14:59:02,37.80,41,49,1836,0.03,7.19
020,29/06/2015,14:59:12,37.80,41,39,1836,0.03,7.19
020,29/06/2015,14:59:22,37.80,41,38,1896,0.03,7.20
020,29/06/2015,14:59:32,37.80,42,40,1896,0.03,7.20
020,29/06/2015,14:59:42,37.80,42,42,1896,0.02,7.20
020,29/06/2015,14:59:52,37.80,42,38,1960,0.02,7.20
020,29/06/2015,15:00:02,37.70,42,38,2027,0.02,7.20
020,29/06/2015,15:00:12,37.70,42,38,3193,0.02,7.20
020,29/06/2015,15:00:22,37.70,42,43,4636,0.02,7.20
020,29/06/2015,15:00:32,37.80,41,52,4407,0.02,7.20
020,29/06/2015,15:00:42,37.70,41,43,4883,0.02,7.20
020,29/06/2015,15:00:52,37.70,41,68,4636,0.02,7.20
020,29/06/2015,15:01:02,37.70,41,80,4883,0.02,7.21
020,29/06/2015,15:01:12,37.70,41,78,5440,0.02,7.21
020,29/06/2015,15:01:22,37.70,41,43,3814,0.02,7.21
020,29/06/2015,15:01:32,37.70,41,48,3643,0.02,7.21
020,29/06/2015,15:01:42,37.70,41,41,3814,0.02,7.21
020,29/06/2015,15:01:52,37.70,41,44,3814,0.02,7.21
020,29/06/2015,15:02:02,37.70,41,48,3814,0.02,7.21
020,29/06/2015,15:02:12,37.70,41,42,3814,0.02,7.21
020,29/06/2015,15:02:22,37.70,42,46,3998,0.02,7.21
020,29/06/2015,15:02:32,37.70,42,49,3998,0.02,7.21
020,29/06/2015,15:02:42,37.70,41,45,3643,0.02,7.21
020,29/06/2015,15:02:52,37.70,41,40,3998,0.02,7.21
020,29/06/2015,15:03:02,37.70,42,38,3998,0.02,7.21
020,29/06/2015,15:03:12,37.70,42,39,3998,0.02,7.21
020,29/06/2015,15:03:22,37.70,42,40,3061,0.02,7.21
020,29/06/2015,15:03:32,37.70,42,58,3193,0.02,7.21
020,29/06/2015,15:03:42,37.70,42,40,2250,0.02,7.21
020,29/06/2015,15:03:52,37.70,42,42,2250,0.02,7.21
020,29/06/2015,15:04:02,37.70,42,44,2419,0.02,7.21
020,29/06/2015,15:04:12,37.70,42,54,2938,0.02,7.21
020,29/06/2015,15:04:22,37.80,42,77,2172,0.02,7.21
020,29/06/2015,15:04:32,37.70,41,71,2172,0.02,7.21
020,29/06/2015,15:04:42,37.70,41,59,2172,0.02,7.21
020,29/06/2015,15:04:52,37.70,41,69,2172,0.02,7.24
020,29/06/2015,15:05:02,37.70,41,79,2250,0.02,6.98
020,29/06/2015,15:05:12,37.70,40,66,2250,0.02,6.96
020,29/06/2015,15:05:22,37.70,40,50,2419,0.02,6.95
020,29/06/2015,15:05:32,37.70,41,78,2609,0.02,6.94
020,29/06/2015,15:05:42,37.70,41,55,2609,0.02,6.93
020,29/06/2015,15:05:52,37.70,41,51,2419,0.02,6.92
020,29/06/2015,15:06:02,37.70,41,55,2609,0.02,6.88
020,29/06/2015,15:06:12,37.70,41,46,3193,0.02,7.14
020,29/06/2015,15:06:22,37.70,41,60,3061,0.02,7.15
020,29/06/2015,15:06:32,37.70,41,70,3193,0.02,7.16
020,29/06/2015,15:06:42,37.70,41,52,3193,0.02,7.16
020,29/06/2015,15:06:52,37.70,41,43,3333,0.02,7.17
020,29/06/2015,15:07:02,37.70,42,56,3061,0.02,7.17
020,29/06/2015,15:07:12,37.70,41,44,3193,0.02,7.17
020,29/06/2015,15:07:22,37.70,41,43,3193,0.02,7.18
020,29/06/2015,15:07:32,37.70,42,40,3193,0.02,7.18
020,29/06/2015,15:07:42,37.70,42,41,3333,0.02,7.18
020,29/06/2015,15:07:52,37.80,42,40,2938,0.02,7.18
020,29/06/2015,15:08:02,37.80,42,39,3061,0.02,7.18
020,29/06/2015,15:08:12,37.80,42,41,2938,0.02,7.18
020,29/06/2015,15:08:22,37.80,42,44,2938,0.02,7.18
020,29/06/2015,15:08:32,37.80,42,41,3061,0.02,7.19
020,29/06/2015,15:08:42,37.80,41,41,3061,0.02,7.19
020,29/06/2015,15:08:52,37.80,41,43,3061,0.02,7.19
020,29/06/2015,15:09:02,37.80,41,42,3061,0.02,7.19
020,29/06/2015,15:09:12,37.80,41,42,3061,0.02,7.19
020,29/06/2015,15:09:22,37.80,41,40,3193,0.02,7.19
020,29/06/2015,15:09:32,37.80,41,40,3193,0.02,7.19
020,29/06/2015,15:09:42,37.80,41,39,3193,0.02,7.19
020,29/06/2015,15:09:52,37.80,41,40,3193,0.02,7.19
020,29/06/2015,15:10:02,37.80,41,46,3193,0.02,7.19
020,29/06/2015,15:10:12,37.80,41,70,3193,0.02,7.19
020,29/06/2015,15:10:22,37.80,41,45,3193,0.02,7.19
020,29/06/2015,15:10:32,37.80,41,57,3193,0.02,7.19
020,29/06/2015,15:10:42,37.80,41,53,3061,0.02,7.19
020,29/06/2015,15:10:52,37.80,41,44,3061,0.02,7.19
020,29/06/2015,15:11:02,37.80,41,66,3061,0.02,7.19
020,29/06/2015,15:11:12,37.80,41,52,3061,0.02,7.19
020,29/06/2015,15:11:22,37.80,41,55,3061,0.02,7.19
020,29/06/2015,15:11:32,37.80,41,49,3193,0.02,7.19
020,29/06/2015,15:11:42,37.80,41,54,3193,0.02,7.19
020,29/06/2015,15:11:52,37.80,41,55,3061,0.02,7.19
020,29/06/2015,15:12:02,37.80,41,40,3998,0.02,7.19
020,29/06/2015,15:12:12,37.80,41,39,3061,0.02,7.19
020,29/06/2015,15:12:22,37.80,41,44,3193,0.02,7.19
020,29/06/2015,15:12:32,37.80,41,44,3061,0.02,7.19
020,29/06/2015,15:12:42,37.80,41,51,3333,0.02,7.19
020,29/06/2015,15:12:52,37.80,41,54,3193,0.02,7.22
020,29/06/2015,15:13:02,37.80,41,45,3333,0.02,6.96
020,29/06/2015,15:13:12,37.90,41,39,3193,0.02,6.94
020,29/06/2015,15:13:22,37.80,41,43,3193,0.02,6.93
020,29/06/2015,15:13:32,37.80,41,42,3193,0.02,6.92
020,29/06/2015,15:13:42,37.80,41,48,3193,0.02,6.91
020,29/06/2015,15:13:52,37.80,41,59,3193,0.02,6.90
020,29/06/2015,15:14:02,37.80,41,55,3193,0.02,6.86
020,29/06/2015,15:14:12,37.80,41,51,3193,0.02,7.12
020,29/06/2015,15:14:22,37.90,41,46,3193,0.02,7.13
020,29/06/2015,15:14:32,37.90,41,45,3333,0.02,7.14
020,29/06/2015,15:14:42,37.90,41,43,3193,0.02,7.15
020,29/06/2015,15:14:52,37.90,41,40,3193,0.02,7.15
020,29/06/2015,15:15:02,37.90,41,41,3333,0.02,7.15
020,29/06/2015,15:15:12,37.90,41,41,3193,0.02,7.16
020,29/06/2015,15:15:22,38.00,42,40,2938,0.02,7.16
020,29/06/2015,15:15:32,38.00,42,41,2097,0.02,7.16
020,29/06/2015,15:15:42,38.00,42,44,2097,0.02,7.16
020,29/06/2015,15:15:52,37.90,41,43,2097,0.02,7.16
020,29/06/2015,15:16:02,38.00,41,40,2097,0.02,7.16
020,29/06/2015,15:16:12,38.00,41,39,2097,0.02,7.17
020,29/06/2015,15:16:22,38.00,41,39,2172,0.02,7.17
020,29/06/2015,15:16:32,38.00,41,39,2511,0.02,7.17
020,29/06/2015,15:16:42,38.00,42,39,3193,0.02,7.17
020,29/06/2015,15:16:52,38.00,41,40,3061,0.02,7.17
020,29/06/2015,15:17:02,38.00,41,39,2172,0.02,7.17
020,29/06/2015,15:17:12,38.00,41,55,2172,0.02,7.17
020,29/06/2015,15:17:22,38.00,41,64,2712,0.02,7.17
020,29/06/2015,15:17:32,38.00,40,64,2938,0.02,7.17
020,29/06/2015,15:17:42,38.00,40,40,3333,0.02,7.17
020,29/06/2015,15:17:52,38.00,41,42,3193,0.02,7.17
020,29/06/2015,15:18:02,38.00,41,40,3193,0.02,7.17
020,29/06/2015,15:18:12,38.00,41,39,3193,0.02,7.17
020,29/06/2015,15:18:22,38.00,41,44,3061,0.02,7.17
020,29/06/2015,15:18:32,38.00,41,39,3061,0.02,7.17
020,29/06/2015,15:18:42,38.00,41,39,3193,0.02,7.17
020,29/06/2015,15:18:52,38.00,41,40,3193,0.02,7.17
020,29/06/2015,15:19:02,38.00,41,56,3061,0.02,7.17
020,29/06/2015,15:19:12,38.00,41,71,2938,0.02,7.18
020,29/06/2015,15:19:22,37.90,40,73,3483,0.02,7.18
020,29/06/2015,15:19:32,38.00,41,55,3483,0.02,7.18
020,29/06/2015,15:19:42,38.00,40,60,3814,0.02,7.18
020,29/06/2015,15:19:52,38.00,40,61,3483,0.02,7.18
020,29/06/2015,15:20:02,37.90,40,73,3814,0.02,7.18
020,29/06/2015,15:20:12,37.90,40,58,3643,0.02,7.18
020,29/06/2015,15:20:22,37.90,40,76,3814,0.02,7.18
020,29/06/2015,15:20:32,37.90,40,65,3483,0.02,7.18
020,29/06/2015,15:20:42,37.90,40,64,3643,0.02,7.18
020,29/06/2015,15:20:52,37.90,40,50,3998,0.02,7.20
020,29/06/2015,15:21:02,37.90,40,42,3998,0.02,6.94
020,29/06/2015,15:21:12,37.80,40,41,5150,0.02,6.92
020,29/06/2015,15:21:22,37.90,41,38,4883,0.02,6.91
020,29/06/2015,15:21:32,37.90,41,41,4407,0.02,6.90
020,29/06/2015,15:21:42,37.90,41,52,4883,0.02,6.89
020,29/06/2015,15:21:52,37.90,41,44,4883,0.02,6.88
020,29/06/2015,15:22:02,37.90,41,49,4636,0.02,6.84
020,29/06/2015,15:22:12,37.90,41,43,4195,0.02,7.10
020,29/06/2015,15:22:22,37.90,41,40,4195,0.02,7.11
020,29/06/2015,15:22:32,37.90,42,39,3814,0.02,7.12
020,29/06/2015,15:22:42,37.90,42,39,3483,0.02,7.13
020,29/06/2015,15:22:52,38.00,42,41,2938,0.02,7.13
020,29/06/2015,15:23:02,38.00,42,39,3061,0.02,7.14
020,29/06/2015,15:23:12,38.00,42,39,3061,0.02,7.14
020,29/06/2015,15:23:22,38.00,42,40,3333,0.02,7.14
020,29/06/2015,15:23:32,38.00,42,40,3333,0.02,7.14
020,29/06/2015,15:23:42,38.00,42,46,4636,0.01,7.14
020,29/06/2015,15:23:52,38.00,42,54,3814,0.01,7.15
020,29/06/2015,15:24:02,38.00,42,41,3193,0.01,7.15
020,29/06/2015,15:24:12,38.10,42,39,3643,0.01,7.15
020,29/06/2015,15:24:22,38.10,42,38,4195,0.01,7.15
020,29/06/2015,15:24:32,38.10,42,39,4407,0.01,7.15
020,29/06/2015,15:24:42,38.10,42,38,4195,0.01,7.15
020,29/06/2015,15:24:52,38.10,42,38,4636,0.01,7.15
020,29/06/2015,15:25:02,38.10,42,40,4195,0.01,7.15
020,29/06/2015,15:25:12,38.10,42,40,4883,0.01,7.15
020,29/06/2015,15:25:22,38.10,42,39,4407,0.01,7.15
020,29/06/2015,15:25:32,38.20,42,41,4636,0.01,7.16
020,29/06/2015,15:25:42,38.20,42,41,5150,0.01,7.16
020,29/06/2015,15:25:52,38.20,42,41,4195,0.01,7.16
020,29/06/2015,15:26:02,38.20,41,41,3643,0.01,7.16
020,29/06/2015,15:26:12,38.20,41,49,4636,0.01,7.16
020,29/06/2015,15:26:22,38.30,41,76,3643,0.01,7.16
020,29/06/2015,15:26:32,38.20,41,48,4883,0.01,7.16
020,29/06/2015,15:26:42,38.20,41,43,4636,0.01,7.16
020,29/06/2015,15:26:52,38.30,41,80,5440,0.01,7.16
020,29/06/2015,15:27:02,38.20,41,68,5755,0.01,7.16
020,29/06/2015,15:27:12,38.20,41,42,5440,0.01,7.16
020,29/06/2015,15:27:22,38.20,41,60,5150,0.01,7.16
020,29/06/2015,15:27:32,38.20,41,49,5440,0.01,7.16
020,29/06/2015,15:27:42,38.20,41,76,5440,0.01,7.16
020,29/06/2015,15:27:52,38.20,40,52,5150,0.01,7.16
020,29/06/2015,15:28:02,38.20,41,67,5150,0.01,7.16
020,29/06/2015,15:28:12,38.20,41,74,5755,0.01,7.16
020,29/06/2015,15:28:22,38.20,41,66,4636,0.01,7.16
020,29/06/2015,15:28:32,38.20,40,77,4407,0.01,7.16
020,29/06/2015,15:28:42,38.10,40,62,4195,0.01,7.16
020,29/06/2015,15:28:52,38.20,40,56,3483,0.01,7.19
020,29/06/2015,15:29:02,38.10,40,57,3998,0.01,6.92
020,29/06/2015,15:29:12,38.10,40,59,3193,0.01,6.90
020,29/06/2015,15:29:22,38.10,40,48,3483,0.01,6.89
020,29/06/2015,15:29:32,38.10,40,42,3333,0.01,6.88
020,29/06/2015,15:29:42,38.10,41,43,3333,0.01,6.87
020,29/06/2015,15:29:52,38.10,41,46,3483,0.01,6.86
020,29/06/2015,15:30:02,38.10,41,51,3193,0.01,6.82
020,29/06/2015,15:30:12,38.10,41,53,3061,0.01,7.09
020,29/06/2015,15:30:22,38.10,41,45,3333,0.01,7.10
020,29/06/2015,15:30:32,38.10,41,41,3061,0.01,7.11
020,29/06/2015,15:30:42,38.10,41,42,3061,0.01,7.11
020,29/06/2015,15:30:52,38.10,41,49,2938,0.01,7.12
020,29/06/2015,15:31:02,38.10,41,60,3061,0.01,7.12
020,29/06/2015,15:31:12,38.10,41,45,3333,0.01,7.12
020,29/06/2015,15:31:22,38.10,41,41,3483,0.01,7.13
020,29/06/2015,15:31:32,38.10,41,46,3998,0.01,7.13
020,29/06/2015,15:31:42,38.10,41,48,3643,0.01,7.13
020,29/06/2015,15:31:52,38.10,41,48,3333,0.01,7.13
020,29/06/2015,15:32:02,38.10,41,44,3483,0.01,7.13
020,29/06/2015,15:32:12,38.20,41,50,3814,0.01,7.13
020,29/06/2015,15:32:22,38.10,41,45,3643,0.01,7.13
020,29/06/2015,15:32:32,38.10,41,50,3643,0.01,7.14
020,29/06/2015,15:32:42,38.10,41,76,3643,0.01,7.14
020,29/06/2015,15:32:52,38.10,40,58,3483,0.01,7.14
020,29/06/2015,15:33:02,38.10,40,50,3333,0.01,7.14
020,29/06/2015,15:33:12,38.10,40,58,3193,0.01,7.14
020,29/06/2015,15:33:22,38.10,41,39,3193,0.01,7.14
020,29/06/2015,15:33:32,38.10,41,39,2172,0.01,7.14
020,29/06/2015,15:33:42,38.10,41,39,2332,0.01,7.14
020,29/06/2015,15:33:52,38.10,41,38,2609,0.01,7.14
020,29/06/2015,15:34:02,38.10,41,40,2332,0.01,7.14
020,29/06/2015,15:34:12,38.10,41,40,2821,0.01,7.14
020,29/06/2015,15:34:22,38.10,41,62,2938,0.01,7.14
020,29/06/2015,15:34:32,38.10,41,66,3061,0.01,7.14
020,29/06/2015,15:34:42,38.10,41,45,2821,0.01,7.14
020,29/06/2015,15:34:52,38.10,41,51,2821,0.01,7.14
020,29/06/2015,15:35:02,38.10,41,42,2712,0.01,7.14
020,29/06/2015,15:35:12,38.10,41,42,2821,0.01,7.14
020,29/06/2015,15:35:22,38.10,41,48,2821,0.01,7.14
020,29/06/2015,15:35:32,38.10,41,68,3061,0.01,7.14
020,29/06/2015,15:35:42,38.00,41,43,2938,0.01,7.14
020,29/06/2015,15:35:52,38.10,41,77,3333,0.01,7.14
020,29/06/2015,15:36:02,38.00,40,44,3483,0.01,7.15
020,29/06/2015,15:36:12,38.00,41,48,3643,0.01,7.15
020,29/06/2015,15:36:22,38.00,41,42,3333,0.01,7.15
020,29/06/2015,15:36:32,38.00,41,50,3193,0.01,7.15
020,29/06/2015,15:36:42,38.00,41,50,3814,0.01,7.15
020,29/06/2015,15:36:52,38.00,41,52,3061,0.01,7.17
020,29/06/2015,15:37:02,38.00,41,56,3333,0.01,6.90
020,29/06/2015,15:37:12,38.00,41,52,3814,0.01,6.89
020,29/06/2015,15:37:22,38.00,41,67,3814,0.01,6.87
020,29/06/2015,15:37:32,38.00,41,40,3643,0.01,6.86
020,29/06/2015,15:37:42,38.00,41,42,3998,0.01,6.85
020,29/06/2015,15:37:52,37.90,41,39,3814,0.01,6.85
020,29/06/2015,15:38:02,38.00,41,41,3998,0.01,6.81
020,29/06/2015,15:38:12,38.00,41,42,5755,0.01,7.07
020,29/06/2015,15:38:22,38.00,41,39,3998,0.01,7.08
020,29/06/2015,15:38:32,38.00,42,41,3998,0.01,7.09
020,29/06/2015,15:38:42,38.00,41,43,3998,0.01,7.10
020,29/06/2015,15:38:52,38.00,41,43,3483,0.01,7.10
020,29/06/2015,15:39:02,38.00,41,41,3643,0.01,7.10
020,29/06/2015,15:39:12,38.00,41,47,2821,0.01,7.11
020,29/06/2015,15:39:22,38.00,41,43,2027,0.01,7.11
020,29/06/2015,15:39:32,38.00,41,41,1960,0.01,7.11
020,29/06/2015,15:39:42,38.00,41,39,1896,0.01,7.11
020,29/06/2015,15:39:52,37.90,41,40,1896,0.01,7.12
020,29/06/2015,15:40:02,38.00,41,39,1896,0.01,7.12
020,29/06/2015,15:40:12,38.00,41,39,1896,0.01,7.12
020,29/06/2015,15:40:22,38.00,41,39,1896,0.01,7.12
020,29/06/2015,15:40:32,38.00,41,40,1896,0.01,7.12
020,29/06/2015,15:40:42,38.00,41,39,1896,0.01,7.12
020,29/06/2015,15:40:52,37.90,40,41,1896,0.01,7.12
020,29/06/2015,15:41:02,37.90,40,42,1896,0.01,7.12
020,29/06/2015,15:41:12,37.90,41,42,1896,0.01,7.12
020,29/06/2015,15:41:22,37.90,41,48,1896,0.01,7.12
020,29/06/2015,15:41:32,37.90,41,45,1896,0.01,7.12
020,29/06/2015,15:41:42,37.90,41,41,1896,0.01,7.13
020,29/06/2015,15:41:52,37.80,41,40,1896,0.01,7.13
020,29/06/2015,15:42:02,37.80,41,39,1960,0.01,7.13
020,29/06/2015,15:42:12,37.80,41,44,2097,0.01,7.13
020,29/06/2015,15:42:22,37.80,41,44,2250,0.01,7.13
020,29/06/2015,15:42:32,37.80,41,46,2609,0.01,7.13
020,29/06/2015,15:42:42,37.80,41,48,2609,0.01,7.13
020,29/06/2015,15:42:52,37.80,42,46,2712,0.01,7.13
020,29/06/2015,15:43:02,37.80,42,42,2712,0.01,7.13
020,29/06/2015,15:43:12,37.80,42,41,2938,0.01,7.13
020,29/06/2015,15:43:22,37.70,42,41,3193,0.01,7.13
020,29/06/2015,15:43:32,37.70,42,44,3061,0.01,7.13
020,29/06/2015,15:43:42,37.70,42,41,2712,0.01,7.13
020,29/06/2015,15:43:52,37.70,42,43,2511,0.01,7.13
020,29/06/2015,15:44:02,37.70,42,45,2712,0.01,7.13
020,29/06/2015,15:44:12,37.70,42,42,2172,0.01,7.13
020,29/06/2015,15:44:22,37.70,42,44,2097,0.01,7.13
020,29/06/2015,15:44:32,37.70,42,42,2097,0.01,7.13
020,29/06/2015,15:44:42,37.70,42,41,2172,0.01,7.13
020,29/06/2015,15:44:52,37.70,42,41,2609,0.01,7.16
020,29/06/2015,15:45:02,37.60,42,43,2938,0.01,6.89
020,29/06/2015,15:45:12,37.60,42,45,3061,0.01,6.87
020,29/06/2015,15:45:22,37.60,42,42,3061,0.01,6.85
020,29/06/2015,15:45:32,37.60,42,41,2938,0.01,6.84
020,29/06/2015,15:45:42,37.60,42,41,2938,0.01,6.84
020,29/06/2015,15:45:52,37.60,42,42,3061,0.01,6.83
020,29/06/2015,15:46:02,37.60,42,41,3061,0.01,6.80
020,29/06/2015,15:46:12,37.60,42,44,3193,0.01,7.05
020,29/06/2015,15:46:22,37.60,42,42,2938,0.01,7.07
020,29/06/2015,15:46:32,37.60,42,44,3483,0.01,7.07
020,29/06/2015,15:46:42,37.60,42,42,3061,0.01,7.08
020,29/06/2015,15:46:52,37.60,42,46,2027,0.01,7.08
020,29/06/2015,15:47:02,37.60,42,42,2027,0.01,7.09
020,29/06/2015,15:47:12,37.60,42,43,2027,0.01,7.09
020,29/06/2015,15:47:22,37.60,43,40,2097,0.01,7.09
020,29/06/2015,15:47:32,37.60,43,41,2332,0.01,7.10
020,29/06/2015,15:47:42,37.60,43,41,2172,0.01,7.10
020,29/06/2015,15:47:52,37.60,43,42,2419,0.01,7.10
020,29/06/2015,15:48:02,37.60,43,43,2250,0.01,7.10
020,29/06/2015,15:48:12,37.60,43,41,2250,0.01,7.10
020,29/06/2015,15:48:22,37.60,43,42,2332,0.01,7.10
020,29/06/2015,15:48:32,37.60,43,40,2097,0.01,7.10
020,29/06/2015,15:48:42,37.60,43,43,2097,0.01,7.10
020,29/06/2015,15:48:52,37.60,43,42,2027,0.01,7.10
020,29/06/2015,15:49:02,37.60,43,40,2027,0.01,7.11
020,29/06/2015,15:49:12,37.60,43,40,2027,0.01,7.11
020,29/06/2015,15:49:22,37.60,43,40,2027,0.01,7.11
020,29/06/2015,15:49:32,37.50,43,41,2027,0.01,7.11
020,29/06/2015,15:49:42,37.50,43,43,2027,0.01,7.11
020,29/06/2015,15:49:52,37.60,43,41,2027,0.01,7.11
020,29/06/2015,15:50:02,37.50,43,39,2027,0.01,7.11
020,29/06/2015,15:50:12,37.50,43,40,1960,0.01,7.11
020,29/06/2015,15:50:22,37.50,43,41,1960,0.01,7.11
020,29/06/2015,15:50:32,37.50,43,41,1960,0.01,7.11
020,29/06/2015,15:50:42,37.50,43,41,1960,0.01,7.11
020,29/06/2015,15:50:52,37.50,43,58,1960,0.01,7.11
020,29/06/2015,15:51:02,37.50,43,57,1896,0.01,7.11
020,29/06/2015,15:51:12,37.50,43,42,1960,0.01,7.11
020,29/06/2015,15:51:22,37.50,43,41,2027,0.01,7.11
020,29/06/2015,15:51:32,37.50,43,39,2332,0.01,7.11
020,29/06/2015,15:51:42,37.40,43,39,2419,0.01,7.11
020,29/06/2015,15:51:52,37.40,43,41,2511,0.01,7.11
020,29/06/2015,15:52:02,37.40,43,60,2511,0.01,7.11
020,29/06/2015,15:52:12,37.40,43,69,2419,0.01,7.11
020,29/06/2015,15:52:22,37.40,43,47,2511,0.01,7.11
020,29/06/2015,15:52:32,37.40,43,41,2511,0.01,7.11
020,29/06/2015,15:52:42,37.40,43,42,2511,0.01,7.11
020,29/06/2015,15:52:52,37.40,43,43,2511,0.01,7.14
020,29/06/2015,15:53:02,37.40,43,38,2609,0.01,6.87
020,29/06/2015,15:53:12,37.30,43,39,2609,0.01,6.85
020,29/06/2015,15:53:22,37.30,43,39,2609,0.01,6.83
020,29/06/2015,15:53:32,37.30,43,38,2712,0.01,6.82
020,29/06/2015,15:53:42,37.30,44,38,2609,0.01,6.81
020,29/06/2015,15:53:52,37.30,44,37,2250,0.01,6.80
020,29/06/2015,15:54:02,37.30,44,39,2419,0.01,6.77
020,29/06/2015,15:54:12,37.30,44,45,2821,0.01,7.04
020,29/06/2015,15:54:22,37.30,44,41,3061,0.01,7.05
020,29/06/2015,15:54:32,37.30,44,38,3061,0.01,7.06
020,29/06/2015,15:54:42,37.30,44,43,3061,0.01,7.06
020,29/06/2015,15:54:52,37.30,44,39,3061,0.01,7.07
020,29/06/2015,15:55:02,37.20,44,38,3061,0.01,7.07
020,29/06/2015,15:55:12,37.30,44,41,3193,0.01,7.07
020,29/06/2015,15:55:22,37.20,44,39,3193,0.01,7.07
020,29/06/2015,15:55:32,37.30,44,39,3333,0.01,7.08
020,29/06/2015,15:55:42,37.30,44,37,3333,0.01,7.08
020,29/06/2015,15:55:52,37.30,44,37,3483,0.01,7.08
020,29/06/2015,15:56:02,37.30,44,37,3333,0.01,7.08
020,29/06/2015,15:56:12,37.30,44,46,3333,0.01,7.08
020,29/06/2015,15:56:22,37.30,44,58,3333,0.01,7.08
020,29/06/2015,15:56:32,37.30,44,58,3483,0.01,7.09
020,29/06/2015,15:56:42,37.30,44,51,3333,0.01,7.09
020,29/06/2015,15:56:52,37.30,44,40,3998,0.01,7.09
020,29/06/2015,15:57:02,37.30,44,38,3998,0.01,7.09
020,29/06/2015,15:57:12,37.30,44,37,4195,0.01,7.09
020,29/06/2015,15:57:22,37.30,44,39,4407,0.01,7.09
020,29/06/2015,15:57:32,37.30,44,39,6883,0.01,7.09
020,29/06/2015,15:57:42,37.30,44,40,6883,0.01,7.09
020,29/06/2015,15:57:52,37.30,44,44,5755,0.01,7.09
020,29/06/2015,15:58:02,37.30,44,41,5440,0.01,7.09
020,29/06/2015,15:58:12,37.30,43,40,6473,0.01,7.09
020,29/06/2015,15:58:22,37.40,43,39,7334,0.01,7.09
020,29/06/2015,15:58:32,37.30,43,43,5440,0.01,7.09
020,29/06/2015,15:58:42,37.30,43,40,6883,0.01,7.09
020,29/06/2015,15:58:52,37.30,43,39,7334,0.01,7.09
020,29/06/2015,15:59:02,37.30,43,40,7334,0.01,7.09
020,29/06/2015,15:59:12,37.40,43,38,6883,0.01,7.09
020,29/06/2015,15:59:22,37.30,43,38,6098,0.01,7.09
020,29/06/2015,15:59:32,37.30,43,38,5755,0.01,7.09
020,29/06/2015,15:59:42,37.30,43,37,5755,0.01,7.10
020,29/06/2015,15:59:52,37.30,43,38,5440,0.01,7.10
020,29/06/2015,16:00:02,37.40,43,57,4883,0.01,7.10
020,29/06/2015,16:00:12,37.30,43,47,4407,0.01,7.10
020,29/06/2015,16:00:22,37.30,43,38,3643,0.01,7.10
020,29/06/2015,16:00:32,37.40,43,39,2712,0.01,7.10
020,29/06/2015,16:00:42,37.40,43,37,2250,0.01,7.10
020,29/06/2015,16:00:52,37.30,43,37,3061,0.01,7.12
020,29/06/2015,16:01:02,37.30,43,39,3333,0.01,6.85
020,29/06/2015,16:01:12,37.40,43,40,2938,0.01,6.83
020,29/06/2015,16:01:22,37.40,43,45,3193,0.01,6.81
020,29/06/2015,16:01:32,37.40,43,39,3061,0.01,6.80
020,29/06/2015,16:01:42,37.40,43,40,3061,0.01,6.79
020,29/06/2015,16:01:52,37.40,43,40,2938,0.01,6.79
020,29/06/2015,16:02:02,37.40,43,39,2821,0.01,6.75
020,29/06/2015,16:02:12,37.40,43,41,2938,0.01,7.02
020,29/06/2015,16:02:22,37.40,44,39,2938,0.01,7.03
020,29/06/2015,16:02:32,37.40,44,39,3333,0.01,7.04
020,29/06/2015,16:02:42,37.40,44,38,3643,0.01,7.04
020,29/06/2015,16:02:52,37.40,44,38,3998,0.01,7.05
020,29/06/2015,16:03:02,37.40,44,39,4407,0.01,7.05
020,29/06/2015,16:03:12,37.40,44,40,4407,0.01,7.06
020,29/06/2015,16:03:22,37.40,44,39,4636,0.01,7.06
020,29/06/2015,16:03:32,37.40,44,39,4636,0.01,7.06
020,29/06/2015,16:03:42,37.40,44,39,4636,0.01,7.06
020,29/06/2015,16:03:52,37.40,44,40,4636,0.01,7.06
020,29/06/2015,16:04:02,37.40,44,40,4407,0.01,7.07
020,29/06/2015,16:04:12,37.40,44,45,5150,0.01,7.07
020,29/06/2015,16:04:22,37.50,43,40,4407,0.01,7.07
020,29/06/2015,16:04:32,37.40,43,42,4195,0.01,7.07
020,29/06/2015,16:04:42,37.50,43,42,3998,0.01,7.07
020,29/06/2015,16:04:52,37.50,43,41,3061,0.01,7.07
020,29/06/2015,16:05:02,37.50,43,44,3061,0.01,7.07
020,29/06/2015,16:05:12,37.50,43,44,2609,0.01,7.07
020,29/06/2015,16:05:22,37.50,43,42,2419,0.01,7.07
020,29/06/2015,16:05:32,37.50,43,43,2332,0.01,7.07
020,29/06/2015,16:05:42,37.50,43,42,2172,0.01,7.07
020,29/06/2015,16:05:52,37.50,43,44,1960,0.01,7.07
020,29/06/2015,16:06:02,37.50,43,45,1778,0.01,7.08
020,29/06/2015,16:06:12,37.50,43,44,1778,0.01,7.08
020,29/06/2015,16:06:22,37.50,43,44,1778,0.01,7.08
020,29/06/2015,16:06:32,37.50,43,43,1896,0.01,7.08
020,29/06/2015,16:06:42,37.50,43,46,2097,0.01,7.08
020,29/06/2015,16:06:52,37.50,43,45,2250,0.01,7.08
020,29/06/2015,16:07:02,37.50,43,47,2332,0.01,7.08
020,29/06/2015,16:07:12,37.50,43,51,2332,0.01,7.08
020,29/06/2015,16:07:22,37.50,42,46,2332,0.01,7.08
020,29/06/2015,16:07:32,37.50,43,48,2419,0.01,7.08
020,29/06/2015,16:07:42,37.50,43,43,2419,0.01,7.08
020,29/06/2015,16:07:52,37.50,43,39,2511,0.01,7.08
020,29/06/2015,16:08:02,37.50,43,40,2609,0.01,7.08
020,29/06/2015,16:08:12,37.50,43,40,2821,0.01,7.08
020,29/06/2015,16:08:22,37.40,43,40,2419,0.01,7.08
020,29/06/2015,16:08:32,37.50,43,39,2938,0.01,7.08
020,29/06/2015,16:08:42,37.50,43,42,2821,0.01,7.08
020,29/06/2015,16:08:52,37.50,43,55,2712,0.01,7.11
020,29/06/2015,16:09:02,37.40,42,51,2419,0.01,6.83
020,29/06/2015,16:09:12,37.50,42,54,2938,0.01,6.81
020,29/06/2015,16:09:22,37.40,42,54,3333,0.01,6.80
020,29/06/2015,16:09:32,37.40,42,41,3814,0.01,6.79
020,29/06/2015,16:09:42,37.40,43,46,3061,0.01,6.78
020,29/06/2015,16:09:52,37.40,43,41,4195,0.01,6.77
020,29/06/2015,16:10:02,37.40,43,39,4195,0.01,6.73
020,29/06/2015,16:10:12,37.40,43,46,4883,0.01,7.00
020,29/06/2015,16:10:22,37.40,43,41,3643,0.01,7.01
020,29/06/2015,16:10:32,37.40,43,43,3193,0.01,7.02
020,29/06/2015,16:10:42,37.40,43,41,3061,0.01,7.03
020,29/06/2015,16:10:52,37.40,43,39,2938,0.01,7.03
020,29/06/2015,16:11:02,37.40,43,41,3483,0.01,7.04
020,29/06/2015,16:11:12,37.40,43,43,2821,0.01,7.04
020,29/06/2015,16:11:22,37.40,42,41,1960,0.01,7.04
020,29/06/2015,16:11:32,37.40,42,44,1960,0.01,7.04
020,29/06/2015,16:11:42,37.40,42,43,1960,0.01,7.05
020,29/06/2015,16:11:52,37.30,42,42,1960,0.01,7.05
020,29/06/2015,16:12:02,37.40,42,41,2172,0.01,7.05
020,29/06/2015,16:12:12,37.40,42,41,2938,0.01,7.05
020,29/06/2015,16:12:22,37.40,42,44,2938,0.01,7.05
020,29/06/2015,16:12:32,37.40,42,41,2938,0.01,7.05
020,29/06/2015,16:12:42,37.50,42,40,2938,0.01,7.05
020,29/06/2015,16:12:52,37.40,42,41,2419,0.01,7.05
020,29/06/2015,16:13:02,37.40,42,43,2712,0.01,7.06
020,29/06/2015,16:13:12,37.40,42,40,1896,0.01,7.06
020,29/06/2015,16:13:22,37.40,42,40,1896,0.01,7.06
020,29/06/2015,16:13:32,37.40,42,40,1836,0.01,7.06
020,29/06/2015,16:13:42,37.40,42,39,1836,0.01,7.06
020,29/06/2015,16:13:52,37.30,42,42,1836,0.01,7.06
020,29/06/2015,16:14:02,37.30,42,39,1836,0.01,7.06
020,29/06/2015,16:14:12,37.30,42,40,1836,0.01,7.06
020,29/06/2015,16:14:22,37.30,42,41,1836,0.01,7.06
020,29/06/2015,16:14:32,37.30,42,42,1836,0.01,7.06
020,29/06/2015,16:14:42,37.20,42,40,706,0.01,7.06
020,29/06/2015,16:14:52,37.20,42,51,1222,0.01,7.06
020,29/06/2015,16:15:02,37.20,43,56,239,0.01,7.06
020,29/06/2015,16:15:12,37.20,43,61,2250,0.01,7.06
020,29/06/2015,16:15:22,37.20,43,40,4195,0.01,7.06
020,29/06/2015,16:15:32,37.20,43,40,2172,0.01,7.06
020,29/06/2015,16:15:42,37.20,43,42,2027,0.01,7.06
020,29/06/2015,16:15:52,37.20,43,38,2172,0.01,7.06
020,29/06/2015,16:16:02,37.20,43,44,2250,0.01,7.06
